{"mean":{"confidence_interval":{"confidence_level":0.95,"lower_bound":232.93914008063416,"upper_bound":233.43778318141116},"point_estimate":233.1788153831988,"standard_error":0.12726654675885204},"median":{"confidence_interval":{"confidence_level":0.95,"lower_bound":232.64788130598774,"upper_bound":233.3632613261326},"point_estimate":232.99541520086075,"standard_error":0.18282270377185028},"median_abs_dev":{"confidence_interval":{"confidence_level":0.95,"lower_bound":0.927941882564191,"upper_bound":1.3731197902960244},"point_estimate":1.1555277417889835,"standard_error":0.11303646869202207},"slope":{"confidence_interval":{"confidence_level":0.95,"lower_bound":232.85641668559077,"upper_bound":233.4301016509393},"point_estimate":233.13286796095008,"standard_error":0.14628997392806314},"std_dev":{"confidence_interval":{"confidence_level":0.95,"lower_bound":0.9929112715260568,"upper_bound":1.5400601112137633},"point_estimate":1.275301321350814,"standard_error":0.1408452616720461}}