{"mean":{"confidence_interval":{"confidence_level":0.95,"lower_bound":4245.919446902834,"upper_bound":4247.39350033975},"point_estimate":4246.599690161142,"standard_error":0.3769308126252842},"median":{"confidence_interval":{"confidence_level":0.95,"lower_bound":4245.563151440834,"upper_bound":4246.224034334764},"point_estimate":4245.902956604674,"standard_error":0.14585558716516786},"median_abs_dev":{"confidence_interval":{"confidence_level":0.95,"lower_bound":1.10109662459358,"upper_bound":1.8985978872762201},"point_estimate":1.4912212366026156,"standard_error":0.2052401705281295},"slope":{"confidence_interval":{"confidence_level":0.95,"lower_bound":4245.374911537037,"upper_bound":4246.21633989163},"point_estimate":4245.7678495678665,"standard_error":0.2152252660774125},"std_dev":{"confidence_interval":{"confidence_level":0.95,"lower_bound":2.2423477912754683,"upper_bound":5.272199472333705},"point_estimate":3.7856270858122576,"standard_error":0.7967805410193377}}