{"mean":{"confidence_interval":{"confidence_level":0.95,"lower_bound":15635.43440307093,"upper_bound":15643.44914394347},"point_estimate":15639.373656574253,"standard_error":2.044666065530168},"median":{"confidence_interval":{"confidence_level":0.95,"lower_bound":15627.896885521885,"upper_bound":15649.43418560606},"point_estimate":15636.721590909092,"standard_error":5.7930551204622285},"median_abs_dev":{"confidence_interval":{"confidence_level":0.95,"lower_bound":16.30092229524006,"upper_bound":26.430623072146403},"point_estimate":21.976428232381625,"standard_error":2.4532245832890434},"slope":{"confidence_interval":{"confidence_level":0.95,"lower_bound":15646.318029380906,"upper_bound":15651.318513424962},"point_estimate":15649.025504610163,"standard_error":1.274279947774373},"std_dev":{"confidence_interval":{"confidence_level":0.95,"lower_bound":16.675405740868484,"upper_bound":25.165274808855177},"point_estimate":20.51529159553123,"standard_error":2.2691165316639856}}