{"mean":{"confidence_interval":{"confidence_level":0.95,"lower_bound":5.831658557439579,"upper_bound":5.844476399262284},"point_estimate":5.837175611997638,"standard_error":0.003315157554471697},"median":{"confidence_interval":{"confidence_level":0.95,"lower_bound":5.827978199774501,"upper_bound":5.829398724020556},"point_estimate":5.828691496615703,"standard_error":0.0003408758569416888},"median_abs_dev":{"confidence_interval":{"confidence_level":0.95,"lower_bound":0.002104047301088062,"upper_bound":0.00465304903725272},"point_estimate":0.0032694143275095134,"standard_error":0.0006599230431339712},"slope":{"confidence_interval":{"confidence_level":0.95,"lower_bound":5.829603712927688,"upper_bound":5.834339887568532},"point_estimate":5.831740575947691,"standard_error":0.0012191280054842093},"std_dev":{"confidence_interval":{"confidence_level":0.95,"lower_bound":0.009345468966312154,"upper_bound":0.05052621433682418},"point_estimate":0.03338344136239336,"standard_error":0.01056335664363977}}