{"mean":{"confidence_interval":{"confidence_level":0.95,"lower_bound":9.941569858811205,"upper_bound":9.969612202829785},"point_estimate":9.953870579002293,"standard_error":0.007247263066440817},"median":{"confidence_interval":{"confidence_level":0.95,"lower_bound":9.927224017332886,"upper_bound":9.930318092029278},"point_estimate":9.928222010491591,"standard_error":0.0009041704671329764},"median_abs_dev":{"confidence_interval":{"confidence_level":0.95,"lower_bound":0.001759567632664276,"upper_bound":0.005932389953729958},"point_estimate":0.003116721038899587,"standard_error":0.0011505348286539269},"slope":{"confidence_interval":{"confidence_level":0.95,"lower_bound":9.950641394975042,"upper_bound":9.977153291689895},"point_estimate":9.964022097320134,"standard_error":0.006748588661561829},"std_dev":{"confidence_interval":{"confidence_level":0.95,"lower_bound":0.03304042067265784,"upper_bound":0.10875866524909927},"point_estimate":0.07264917938778452,"standard_error":0.02023182648816621}}