{"mean":{"confidence_interval":{"confidence_level":0.95,"lower_bound":1.9408298034038503,"upper_bound":1.9442209027563024},"point_estimate":1.9424769940469746,"standard_error":0.0008681007977596557},"median":{"confidence_interval":{"confidence_level":0.95,"lower_bound":1.937256366945098,"upper_bound":1.939155608097044},"point_estimate":1.9374691228146683,"standard_error":0.0004341713297406518},"median_abs_dev":{"confidence_interval":{"confidence_level":0.95,"lower_bound":0.0010300447389526104,"upper_bound":0.0039007088823511376},"point_estimate":0.0015439509330828335,"standard_error":0.0007512757090363812},"slope":{"confidence_interval":{"confidence_level":0.95,"lower_bound":1.9419578263316342,"upper_bound":1.9463867702850344},"point_estimate":1.944086177305039,"standard_error":0.0011340995697562294},"std_dev":{"confidence_interval":{"confidence_level":0.95,"lower_bound":0.007294143283331017,"upper_bound":0.009833761496397048},"point_estimate":0.008742978685156985,"standard_error":0.0006489822610253532}}