{"mean":{"confidence_interval":{"confidence_level":0.95,"lower_bound":5.390696802156681,"upper_bound":5.402216386071168},"point_estimate":5.396258511315765,"standard_error":0.0029476956452866563},"median":{"confidence_interval":{"confidence_level":0.95,"lower_bound":5.382274025197486,"upper_bound":5.394667392520501},"point_estimate":5.389125205884831,"standard_error":0.0035065138128550564},"median_abs_dev":{"confidence_interval":{"confidence_level":0.95,"lower_bound":0.016339728612216536,"upper_bound":0.030250337950223215},"point_estimate":0.02163630834146767,"standard_error":0.0035544639495670434},"slope":{"confidence_interval":{"confidence_level":0.95,"lower_bound":5.387023868433669,"upper_bound":5.404216639029206},"point_estimate":5.394918501966896,"standard_error":0.004400374535146997},"std_dev":{"confidence_interval":{"confidence_level":0.95,"lower_bound":0.02382525029317846,"upper_bound":0.03514273986294326},"point_estimate":0.029731512017445463,"standard_error":0.0028953846261361364}}