{"mean":{"confidence_interval":{"confidence_level":0.95,"lower_bound":294.298913539956,"upper_bound":294.4403748254563},"point_estimate":294.3682758524251,"standard_error":0.03609543272329695},"median":{"confidence_interval":{"confidence_level":0.95,"lower_bound":294.2749865107678,"upper_bound":294.39844221520553},"point_estimate":294.346622842338,"standard_error":0.030443612742077877},"median_abs_dev":{"confidence_interval":{"confidence_level":0.95,"lower_bound":0.17488546014199427,"upper_bound":0.2806891222300023},"point_estimate":0.24688856853107444,"standard_error":0.02779522345500292},"slope":{"confidence_interval":{"confidence_level":0.95,"lower_bound":294.21773983629714,"upper_bound":294.3038552235958},"point_estimate":294.2587379932023,"standard_error":0.022015014645279114},"std_dev":{"confidence_interval":{"confidence_level":0.95,"lower_bound":0.24560558913403027,"upper_bound":0.47108590268552103},"point_estimate":0.362360662998205,"standard_error":0.05779744313587614}}