{"mean":{"confidence_interval":{"confidence_level":0.95,"lower_bound":7.244971614740607,"upper_bound":7.253722368029684},"point_estimate":7.2492853925656195,"standard_error":0.0022254802518367456},"median":{"confidence_interval":{"confidence_level":0.95,"lower_bound":7.244587732032926,"upper_bound":7.254149632840841},"point_estimate":7.247373391050743,"standard_error":0.0021351876864094603},"median_abs_dev":{"confidence_interval":{"confidence_level":0.95,"lower_bound":0.01771544782427175,"upper_bound":0.02886396489393082},"point_estimate":0.02293123343725915,"standard_error":0.0028840993990693954},"slope":{"confidence_interval":{"confidence_level":0.95,"lower_bound":7.255154819680076,"upper_bound":7.265981415994522},"point_estimate":7.260403768345807,"standard_error":0.0027644387818158067},"std_dev":{"confidence_interval":{"confidence_level":0.95,"lower_bound":0.018890149683839983,"upper_bound":0.02568681488012962},"point_estimate":0.022390456763467934,"standard_error":0.0017315051891278969}}