{"mean":{"confidence_interval":{"confidence_level":0.95,"lower_bound":30.746712353059866,"upper_bound":30.790324527209638},"point_estimate":30.7679756915836,"standard_error":0.01116068197094139},"median":{"confidence_interval":{"confidence_level":0.95,"lower_bound":30.717818337555897,"upper_bound":30.765150456638324},"point_estimate":30.734916308164962,"standard_error":0.011646981169201515},"median_abs_dev":{"confidence_interval":{"confidence_level":0.95,"lower_bound":0.06394763797859365,"upper_bound":0.11820595005166928},"point_estimate":0.08448877099627877,"standard_error":0.013648478703631388},"slope":{"confidence_interval":{"confidence_level":0.95,"lower_bound":30.716202673099104,"upper_bound":30.75284827014362},"point_estimate":30.734168982913456,"standard_error":0.009348872945751235},"std_dev":{"confidence_interval":{"confidence_level":0.95,"lower_bound":0.09125282513298007,"upper_bound":0.13038473951718044},"point_estimate":0.11216244901173164,"standard_error":0.010023313106584397}}