{"mean":{"confidence_interval":{"confidence_level":0.95,"lower_bound":422.4259391765815,"upper_bound":422.5358919436836},"point_estimate":422.48430697039873,"standard_error":0.027879375571898745},"median":{"confidence_interval":{"confidence_level":0.95,"lower_bound":422.4366283771757,"upper_bound":422.4936392816512},"point_estimate":422.4632801980031,"standard_error":0.0153101861510593},"median_abs_dev":{"confidence_interval":{"confidence_level":0.95,"lower_bound":0.08668343131809972,"upper_bound":0.14680823971445361},"point_estimate":0.1166502336360788,"standard_error":0.016067718665642168},"slope":{"confidence_interval":{"confidence_level":0.95,"lower_bound":422.4362574217742,"upper_bound":422.4859196262329},"point_estimate":422.461123413867,"standard_error":0.012682307565275882},"std_dev":{"confidence_interval":{"confidence_level":0.95,"lower_bound":0.12780370082841574,"upper_bound":0.4218135861653345},"point_estimate":0.2808348510449198,"standard_error":0.07867810435547318}}