{"mean":{"confidence_interval":{"confidence_level":0.95,"lower_bound":421.4957473234524,"upper_bound":421.6247593658044},"point_estimate":421.555823916437,"standard_error":0.033091618419752174},"median":{"confidence_interval":{"confidence_level":0.95,"lower_bound":421.42550021285655,"upper_bound":421.4894442509385},"point_estimate":421.4675919931843,"standard_error":0.018143789564633916},"median_abs_dev":{"confidence_interval":{"confidence_level":0.95,"lower_bound":0.08961303456479953,"upper_bound":0.15242472920722933},"point_estimate":0.11101029719796052,"standard_error":0.015545530356462797},"slope":{"confidence_interval":{"confidence_level":0.95,"lower_bound":421.46399204460334,"upper_bound":421.6206381868917},"point_estimate":421.5302009709177,"standard_error":0.04061534993462563},"std_dev":{"confidence_interval":{"confidence_level":0.95,"lower_bound":0.22545720930420116,"upper_bound":0.425763083076419},"point_estimate":0.3331870048487148,"standard_error":0.05115541382556808}}