{"mean":{"confidence_interval":{"confidence_level":0.95,"lower_bound":4.308692267126627,"upper_bound":4.310424982164906},"point_estimate":4.30949341707277,"standard_error":0.00044444505008011135},"median":{"confidence_interval":{"confidence_level":0.95,"lower_bound":4.3079536748394975,"upper_bound":4.30928835362217},"point_estimate":4.308449431668661,"standard_error":0.0003584606438018239},"median_abs_dev":{"confidence_interval":{"confidence_level":0.95,"lower_bound":0.0018164005548706313,"upper_bound":0.0031244935967562337},"point_estimate":0.0023629314012602624,"standard_error":0.0003400415810767663},"slope":{"confidence_interval":{"confidence_level":0.95,"lower_bound":4.308510047329847,"upper_bound":4.3096542896109415},"point_estimate":4.309069991061764,"standard_error":0.0002924886685924467},"std_dev":{"confidence_interval":{"confidence_level":0.95,"lower_bound":0.0027425156840502193,"upper_bound":0.006144563117760051},"point_estimate":0.00446084588919056,"standard_error":0.000896215896125628}}