{"mean":{"confidence_interval":{"confidence_level":0.95,"lower_bound":6.753828692678139,"upper_bound":6.760843324752895},"point_estimate":6.757137130265517,"standard_error":0.0017910561542989981},"median":{"confidence_interval":{"confidence_level":0.95,"lower_bound":6.75379235625728,"upper_bound":6.75867550564838},"point_estimate":6.7569587814832355,"standard_error":0.001219790664848753},"median_abs_dev":{"confidence_interval":{"confidence_level":0.95,"lower_bound":0.00745206772205327,"upper_bound":0.016400679381061694},"point_estimate":0.01150745026199704,"standard_error":0.002287345302565905},"slope":{"confidence_interval":{"confidence_level":0.95,"lower_bound":6.75561240916444,"upper_bound":6.7673822462088},"point_estimate":6.761149737304544,"standard_error":0.0030007342717114694},"std_dev":{"confidence_interval":{"confidence_level":0.95,"lower_bound":0.011956981991145674,"upper_bound":0.023095736012844932},"point_estimate":0.01795907532138662,"standard_error":0.0028118786510401067}}