{"mean":{"confidence_interval":{"confidence_level":0.95,"lower_bound":2.06580421910462,"upper_bound":2.072290456426173},"point_estimate":2.068924223848393,"standard_error":0.001661824617210277},"median":{"confidence_interval":{"confidence_level":0.95,"lower_bound":2.059308610245563,"upper_bound":2.0674283402425235},"point_estimate":2.062752866860511,"standard_error":0.0018603265646968694},"median_abs_dev":{"confidence_interval":{"confidence_level":0.95,"lower_bound":0.005483251481962511,"upper_bound":0.014572461826544909},"point_estimate":0.010081169015644799,"standard_error":0.002175098988844307},"slope":{"confidence_interval":{"confidence_level":0.95,"lower_bound":2.0635389808743843,"upper_bound":2.0702790738006267},"point_estimate":2.066650328234329,"standard_error":0.0017220626169804972},"std_dev":{"confidence_interval":{"confidence_level":0.95,"lower_bound":0.01323942839845849,"upper_bound":0.019504273715858826},"point_estimate":0.016709545056592407,"standard_error":0.0016042685353597867}}