{"mean":{"confidence_interval":{"confidence_level":0.95,"lower_bound":1.2799601166236658,"upper_bound":1.2802257118673859},"point_estimate":1.280092343341604,"standard_error":0.00006778394489496312},"median":{"confidence_interval":{"confidence_level":0.95,"lower_bound":1.279993318564468,"upper_bound":1.2802457483357426},"point_estimate":1.2800961743854846,"standard_error":0.00006486512743933442},"median_abs_dev":{"confidence_interval":{"confidence_level":0.95,"lower_bound":0.00053072300633414,"upper_bound":0.0009550503408763652},"point_estimate":0.0007141835606546108,"standard_error":0.00011531605167051223},"slope":{"confidence_interval":{"confidence_level":0.95,"lower_bound":1.280097260346615,"upper_bound":1.280370482817474},"point_estimate":1.280233421829273,"standard_error":0.00006982440245340776},"std_dev":{"confidence_interval":{"confidence_level":0.95,"lower_bound":0.0005928025455290289,"upper_bound":0.0007660517865998213},"point_estimate":0.0006831069270519636,"standard_error":0.00004420143606065621}}