{"mean":{"confidence_interval":{"confidence_level":0.95,"lower_bound":2.104915967873988,"upper_bound":2.1053311422034144},"point_estimate":2.1051219504868546,"standard_error":0.00010642223509371525},"median":{"confidence_interval":{"confidence_level":0.95,"lower_bound":2.1048712434098156,"upper_bound":2.105217158722898},"point_estimate":2.1050935652762854,"standard_error":0.00010500631664027397},"median_abs_dev":{"confidence_interval":{"confidence_level":0.95,"lower_bound":0.0006818503715286107,"upper_bound":0.0011168912774913889},"point_estimate":0.0009150184450451139,"standard_error":0.0001103338501869104},"slope":{"confidence_interval":{"confidence_level":0.95,"lower_bound":2.104850822169634,"upper_bound":2.1051692431137705},"point_estimate":2.105007413034641,"standard_error":0.00008129044553102574},"std_dev":{"confidence_interval":{"confidence_level":0.95,"lower_bound":0.0008422334364386377,"upper_bound":0.0012824697021621041},"point_estimate":0.0010688017364603034,"standard_error":0.00011248266110018124}}