{"mean":{"confidence_interval":{"confidence_level":0.95,"lower_bound":1.4697497496595842,"upper_bound":1.4741253454043821},"point_estimate":1.4720389097318682,"standard_error":0.0011175200846655345},"median":{"confidence_interval":{"confidence_level":0.95,"lower_bound":1.4760361770579151,"upper_bound":1.477086966038826},"point_estimate":1.4764235835825572,"standard_error":0.00026481691382267705},"median_abs_dev":{"confidence_interval":{"confidence_level":0.95,"lower_bound":0.0016312851479014982,"upper_bound":0.0031876327775964258},"point_estimate":0.0023315558995159634,"standard_error":0.00040648649451991266},"slope":{"confidence_interval":{"confidence_level":0.95,"lower_bound":1.4673577997875016,"upper_bound":1.4735691768253198},"point_estimate":1.4705770515052938,"standard_error":0.0015862699720633534},"std_dev":{"confidence_interval":{"confidence_level":0.95,"lower_bound":0.008453354467751851,"upper_bound":0.013374572048879981},"point_estimate":0.011226476484754383,"standard_error":0.0012559990949555433}}