{"mean":{"confidence_interval":{"confidence_level":0.95,"lower_bound":1.4720453771290936,"upper_bound":1.4764460134572495},"point_estimate":1.4743870084073765,"standard_error":0.0011279464554752178},"median":{"confidence_interval":{"confidence_level":0.95,"lower_bound":1.4778755437637194,"upper_bound":1.4782445588886821},"point_estimate":1.4780905781137577,"standard_error":0.00010338428937211003},"median_abs_dev":{"confidence_interval":{"confidence_level":0.95,"lower_bound":0.0005796695277435663,"upper_bound":0.0009138807156141584},"point_estimate":0.0007078778703174961,"standard_error":0.00008689482397096937},"slope":{"confidence_interval":{"confidence_level":0.95,"lower_bound":1.4673598365927267,"upper_bound":1.4748708347104393},"point_estimate":1.4713349593134428,"standard_error":0.0019280925066661172},"std_dev":{"confidence_interval":{"confidence_level":0.95,"lower_bound":0.00786067904621648,"upper_bound":0.014021161774622436},"point_estimate":0.011351205797769428,"standard_error":0.0015802722082901106}}