{"mean":{"confidence_interval":{"confidence_level":0.95,"lower_bound":8.199179859728117,"upper_bound":8.21863355366387},"point_estimate":8.208431615116503,"standard_error":0.00496674492490247},"median":{"confidence_interval":{"confidence_level":0.95,"lower_bound":8.193019522928147,"upper_bound":8.199677393092937},"point_estimate":8.195425546950869,"standard_error":0.0022731301678503967},"median_abs_dev":{"confidence_interval":{"confidence_level":0.95,"lower_bound":0.025371449027924316,"upper_bound":0.04937536106638286},"point_estimate":0.04319106289740576,"standard_error":0.006887887678695903},"slope":{"confidence_interval":{"confidence_level":0.95,"lower_bound":8.216469797449898,"upper_bound":8.24911019101119},"point_estimate":8.231669081093248,"standard_error":0.00831978970366132},"std_dev":{"confidence_interval":{"confidence_level":0.95,"lower_bound":0.036109606574918504,"upper_bound":0.0648532213499011},"point_estimate":0.04977148426903927,"standard_error":0.007673341061989876}}