{"mean":{"confidence_interval":{"confidence_level":0.95,"lower_bound":131.97450778838447,"upper_bound":132.19221524415616},"point_estimate":132.07701595416694,"standard_error":0.0555450617473982},"median":{"confidence_interval":{"confidence_level":0.95,"lower_bound":131.93775211640695,"upper_bound":132.11929552678305},"point_estimate":132.02029705818427,"standard_error":0.04441986094740851},"median_abs_dev":{"confidence_interval":{"confidence_level":0.95,"lower_bound":0.24431877402377983,"upper_bound":0.4179336754025751},"point_estimate":0.337415864979143,"standard_error":0.04717488736245899},"slope":{"confidence_interval":{"confidence_level":0.95,"lower_bound":131.94609941697917,"upper_bound":132.07032405068344},"point_estimate":132.0064985121259,"standard_error":0.03166045506079099},"std_dev":{"confidence_interval":{"confidence_level":0.95,"lower_bound":0.3598348886346924,"upper_bound":0.7777805111473312},"point_estimate":0.5590664169830907,"standard_error":0.1136833572142913}}