{"mean":{"confidence_interval":{"confidence_level":0.95,"lower_bound":8.129178821777034,"upper_bound":8.136354576711748},"point_estimate":8.133082789864345,"standard_error":0.0018367737233486727},"median":{"confidence_interval":{"confidence_level":0.95,"lower_bound":8.132942816800638,"upper_bound":8.136982116366863},"point_estimate":8.134995018353276,"standard_error":0.0009783281033789281},"median_abs_dev":{"confidence_interval":{"confidence_level":0.95,"lower_bound":0.006132021114411566,"upper_bound":0.011417241200289325},"point_estimate":0.008688753715818348,"standard_error":0.001284890852205212},"slope":{"confidence_interval":{"confidence_level":0.95,"lower_bound":8.131608362647366,"upper_bound":8.135957672296183},"point_estimate":8.133791990345152,"standard_error":0.0011077758972020903},"std_dev":{"confidence_interval":{"confidence_level":0.95,"lower_bound":0.010124465957419691,"upper_bound":0.02674265837694613},"point_estimate":0.01849415531260431,"standard_error":0.004449587454453635}}